,country_id,latitude,longitude,brightness,scan,track,acq_date,acq_time,satellite,instrument,confidence,version,bright_t31,frp,daynight
0,TUR,37.69393,39.3134,327.59,1.55,1.23,2022-07-02,744,Terra,MODIS,59,6.1NRT,313.03,13.29,D
1,TUR,37.51406,39.29136,334.35,1.54,1.22,2022-07-02,744,Terra,MODIS,75,6.1NRT,314.18,29.72,D
2,TUR,37.41825,39.445,328.28,1.51,1.21,2022-07-02,744,Terra,MODIS,31,6.1NRT,312.85,14.04,D
3,TUR,37.28769,39.97133,332.91,1.4,1.17,2022-07-02,744,Terra,MODIS,62,6.1NRT,318.35,14.57,D
4,TUR,37.51511,39.29859,335.62,1.54,1.22,2022-07-02,744,Terra,MODIS,78,6.1NRT,314.53,32.02,D
5,TUR,37.32641,39.48226,343.93,1.5,1.21,2022-07-02,744,Terra,MODIS,86,6.1NRT,314.3,53.2,D
6,TUR,37.32475,39.49905,335.17,1.49,1.21,2022-07-02,744,Terra,MODIS,69,6.1NRT,313.81,26.94,D
7,TUR,37.32422,39.47504,335.42,1.5,1.21,2022-07-02,744,Terra,MODIS,73,6.1NRT,313.91,26.65,D
8,TUR,37.32247,39.49179,340.51,1.49,1.21,2022-07-02,744,Terra,MODIS,81,6.1NRT,315.26,40.81,D
9,TUR,37.28711,39.62099,348.5,1.47,1.2,2022-07-02,744,Terra,MODIS,90,6.1NRT,315.32,65.3,D
10,TUR,37.14558,40.45217,345.3,1.32,1.14,2022-07-02,744,Terra,MODIS,87,6.1NRT,320.58,42.73,D
11,TUR,37.14398,40.46696,333.85,1.32,1.14,2022-07-02,744,Terra,MODIS,66,6.1NRT,318.47,14.64,D
12,TUR,37.13698,40.4357,333.04,1.32,1.14,2022-07-02,744,Terra,MODIS,39,6.1NRT,316.9,11.06,D
13,TUR,37.19619,39.29449,335.5,1.53,1.22,2022-07-02,744,Terra,MODIS,73,6.1NRT,316.3,27.71,D
14,TUR,37.07571,40.25246,341.39,1.35,1.15,2022-07-02,744,Terra,MODIS,82,6.1NRT,318.8,33.14,D
15,TUR,37.02761,39.69343,335.7,1.44,1.19,2022-07-02,744,Terra,MODIS,60,6.1NRT,318.44,22.28,D
16,TUR,37.021,38.403,326.33,1.72,1.29,2022-07-02,744,Terra,MODIS,53,6.1NRT,311.91,17.31,D
17,TUR,41.05571,27.69477,344.13,1.68,1.28,2022-07-02,922,Terra,MODIS,92,6.1NRT,303.63,88.76,D
18,TUR,41.05174,27.71393,331.01,1.69,1.28,2022-07-02,922,Terra,MODIS,83,6.1NRT,303.57,44.52,D
19,TUR,41.04688,27.68624,319.1,1.68,1.28,2022-07-02,922,Terra,MODIS,70,6.1NRT,301.74,14.98,D
20,TUR,41.043,27.70544,325.88,1.69,1.28,2022-07-02,922,Terra,MODIS,78,6.1NRT,302.83,29.79,D
21,TUR,36.89759,38.96533,333.37,1.43,1.18,2022-07-02,1058,Aqua,MODIS,64,6.1NRT,315.42,22.27,D
22,TUR,37.08386,40.41733,341.11,1.75,1.3,2022-07-02,1058,Aqua,MODIS,81,6.1NRT,319.76,38.37,D
23,TUR,37.10341,40.37491,353.48,1.74,1.29,2022-07-02,1058,Aqua,MODIS,95,6.1NRT,321.22,92.29,D
24,TUR,37.10157,40.35537,336.69,1.73,1.29,2022-07-02,1058,Aqua,MODIS,73,6.1NRT,321.35,20.92,D
25,TUR,37.09885,40.37,348.45,1.74,1.29,2022-07-02,1058,Aqua,MODIS,90,6.1NRT,321.4,66.36,D
26,TUR,37.06217,30.62541,331.4,1.21,1.09,2022-07-02,1058,Aqua,MODIS,27,6.1NRT,315.63,10.77,D
27,TUR,37.86338,30.36421,323.38,1.21,1.09,2022-07-02,1058,Aqua,MODIS,59,6.1NRT,309.68,8.61,D
28,TUR,38.8638,30.77516,322.88,1.13,1.06,2022-07-02,1100,Aqua,MODIS,63,6.1NRT,306.93,9.22,D
29,TUR,39.8091,32.39089,326.73,1.01,1.01,2022-07-02,1100,Aqua,MODIS,56,6.1NRT,308.81,12.06,D
30,TUR,40.08057,32.96952,323.9,1.0,1.0,2022-07-02,1100,Aqua,MODIS,67,6.1NRT,306.21,10.7,D
31,TUR,40.14841,29.532,321.91,1.21,1.09,2022-07-02,1100,Aqua,MODIS,63,6.1NRT,305.35,12.1,D
32,TUR,40.82784,33.21982,314.79,1.0,1.0,2022-07-02,1100,Aqua,MODIS,55,6.1NRT,303.12,5.47,D
33,TUR,40.7631,32.21377,315.76,1.01,1.0,2022-07-02,1100,Aqua,MODIS,69,6.1NRT,302.55,7.42,D
34,TUR,40.71432,30.051,320.18,1.13,1.06,2022-07-02,1100,Aqua,MODIS,57,6.1NRT,304.38,10.01,D
35,TUR,40.89478,30.51962,315.15,1.09,1.04,2022-07-02,1100,Aqua,MODIS,52,6.1NRT,302.79,7.85,D
36,TUR,41.26303,31.42641,321.13,1.03,1.01,2022-07-02,1100,Aqua,MODIS,7,6.1NRT,307.73,9.88,D
37,TUR,41.70324,34.09081,307.43,1.03,1.02,2022-07-02,1100,Aqua,MODIS,16,6.1NRT,295.86,2.5,D
38,TUR,36.8587,39.68095,315.59,1.86,1.33,2022-07-02,1847,Terra,MODIS,89,6.1NRT,299.13,24.84,N
39,TUR,36.85455,39.66071,348.41,1.87,1.34,2022-07-02,1847,Terra,MODIS,100,6.1NRT,300.39,138.11,N
40,TUR,37.21042,40.03074,315.07,1.74,1.29,2022-07-02,1847,Terra,MODIS,88,6.1NRT,298.83,22.05,N
41,TUR,37.1517,39.73996,315.25,1.82,1.32,2022-07-02,1847,Terra,MODIS,89,6.1NRT,296.52,26.34,N
42,TUR,37.14583,39.52843,312.31,1.87,1.34,2022-07-02,1847,Terra,MODIS,81,6.1NRT,297.36,20.2,N
43,TUR,37.15749,39.52455,311.27,1.87,1.34,2022-07-02,1847,Terra,MODIS,77,6.1NRT,297.15,17.9,N
44,TUR,37.30032,39.70856,317.58,1.81,1.32,2022-07-02,1847,Terra,MODIS,94,6.1NRT,297.94,29.84,N
45,TUR,37.31056,39.72008,314.45,1.81,1.32,2022-07-02,1847,Terra,MODIS,87,6.1NRT,298.04,22.71,N
46,TUR,37.3065,39.70024,311.03,1.81,1.32,2022-07-02,1847,Terra,MODIS,76,6.1NRT,297.73,16.91,N
47,TUR,37.20558,39.09224,322.16,1.98,1.37,2022-07-02,1847,Terra,MODIS,100,6.1NRT,297.77,45.51,N
48,TUR,37.32768,39.50144,310.43,1.86,1.33,2022-07-02,1847,Terra,MODIS,74,6.1NRT,296.55,17.59,N
49,TUR,37.32353,39.48098,321.0,1.87,1.34,2022-07-02,1847,Terra,MODIS,100,6.1NRT,296.42,40.61,N
50,TUR,37.37882,39.5712,322.19,1.84,1.33,2022-07-02,1847,Terra,MODIS,100,6.1NRT,297.86,41.39,N
51,TUR,37.37481,39.55112,306.88,1.85,1.33,2022-07-02,1847,Terra,MODIS,58,6.1NRT,296.52,11.07,N
52,TUR,37.38453,39.56414,308.39,1.84,1.33,2022-07-02,1847,Terra,MODIS,67,6.1NRT,297.0,14.03,N
53,TUR,37.42611,39.46432,307.07,1.86,1.33,2022-07-02,1847,Terra,MODIS,60,6.1NRT,296.54,12.56,N
54,TUR,37.4045,39.2958,309.9,1.91,1.35,2022-07-02,1847,Terra,MODIS,73,6.1NRT,295.46,18.26,N
55,TUR,37.39696,39.29184,307.81,1.91,1.35,2022-07-02,1847,Terra,MODIS,66,6.1NRT,295.09,14.7,N
56,TUR,37.65981,39.16943,309.35,1.91,1.35,2022-07-02,1847,Terra,MODIS,73,6.1NRT,297.56,15.79,N
57,TUR,37.44045,39.53225,309.3,1.89,1.34,2022-07-02,2259,Aqua,MODIS,77,6.1NRT,294.29,20.48,N
58,TUR,37.16797,40.06813,326.07,1.74,1.29,2022-07-02,2259,Aqua,MODIS,100,6.1NRT,297.33,49.4,N
59,TUR,37.16611,40.08748,312.82,1.73,1.29,2022-07-02,2259,Aqua,MODIS,85,6.1NRT,297.14,21.01,N
60,TUR,37.18052,39.80975,305.34,1.8,1.32,2022-07-02,2259,Aqua,MODIS,63,6.1NRT,295.22,12.06,N
61,TUR,37.15638,40.06657,334.94,1.74,1.29,2022-07-02,2259,Aqua,MODIS,100,6.1NRT,299.03,74.77,N
62,TUR,37.15454,40.08587,326.65,1.73,1.29,2022-07-02,2259,Aqua,MODIS,100,6.1NRT,298.88,50.27,N
63,TUR,37.14479,40.0649,352.0,1.74,1.29,2022-07-02,2259,Aqua,MODIS,100,6.1NRT,299.97,144.74,N
64,TUR,37.14297,40.08417,338.74,1.73,1.29,2022-07-02,2259,Aqua,MODIS,100,6.1NRT,299.72,87.7,N
65,TUR,39.75271,36.79586,316.07,1.08,1.04,2022-07-03,826,Terra,MODIS,57,6.1NRT,306.05,6.7,D
66,TUR,40.99359,39.77577,313.18,1.36,1.15,2022-07-03,826,Terra,MODIS,46,6.1NRT,298.87,8.23,D
67,TUR,41.23383,36.4246,319.13,1.03,1.01,2022-07-03,826,Terra,MODIS,19,6.1NRT,305.28,8.21,D
68,TUR,39.79469,37.09987,321.61,1.1,1.05,2022-07-03,826,Terra,MODIS,62,6.1NRT,305.19,9.48,D
69,TUR,39.78067,37.08931,317.8,1.1,1.05,2022-07-03,826,Terra,MODIS,49,6.1NRT,306.82,8.03,D
70,TUR,39.72085,36.92929,316.03,1.09,1.04,2022-07-03,826,Terra,MODIS,49,6.1NRT,304.28,6.16,D
71,TUR,38.77555,35.43353,322.08,1.02,1.01,2022-07-03,826,Terra,MODIS,55,6.1NRT,308.09,8.41,D
72,TUR,38.70863,35.62591,326.78,1.03,1.01,2022-07-03,826,Terra,MODIS,31,6.1NRT,306.28,11.15,D
73,TUR,38.69967,35.62363,327.43,1.03,1.01,2022-07-03,826,Terra,MODIS,70,6.1NRT,306.24,12.33,D
74,TUR,38.69785,35.63522,325.34,1.03,1.01,2022-07-03,826,Terra,MODIS,19,6.1NRT,306.84,9.71,D
75,TUR,38.69071,35.62135,324.82,1.03,1.01,2022-07-03,826,Terra,MODIS,32,6.1NRT,307.73,8.96,D
76,TUR,38.55729,35.16962,319.09,1.01,1.01,2022-07-03,826,Terra,MODIS,46,6.1NRT,305.09,5.94,D
77,TUR,37.40418,39.57333,389.71,1.57,1.23,2022-07-03,826,Terra,MODIS,100,6.1NRT,321.11,349.66,D
78,TUR,37.40082,39.59045,371.14,1.57,1.24,2022-07-03,826,Terra,MODIS,100,6.1NRT,320.04,199.63,D
79,TUR,37.26372,39.63563,338.59,1.59,1.24,2022-07-03,826,Terra,MODIS,80,6.1NRT,318.71,42.36,D
80,TUR,37.26023,39.65314,338.59,1.6,1.24,2022-07-03,826,Terra,MODIS,80,6.1NRT,319.2,41.14,D
81,TUR,37.11493,40.3689,331.64,1.77,1.3,2022-07-03,826,Terra,MODIS,55,6.1NRT,318.11,19.48,D
82,TUR,37.2604,39.64656,345.18,1.6,1.24,2022-07-03,826,Terra,MODIS,88,6.1NRT,319.26,62.74,D
83,TUR,37.11942,40.36366,336.73,1.77,1.3,2022-07-03,826,Terra,MODIS,75,6.1NRT,318.67,38.3,D
84,TUR,37.23858,39.64005,378.37,1.6,1.24,2022-07-03,826,Terra,MODIS,100,6.1NRT,321.64,251.66,D
85,TUR,37.38595,38.69612,339.69,1.4,1.17,2022-07-03,826,Terra,MODIS,83,6.1NRT,317.13,43.53,D
86,TUR,37.06603,37.44462,336.45,1.23,1.1,2022-07-03,826,Terra,MODIS,80,6.1NRT,317.07,21.12,D
87,TUR,37.1092,35.77647,323.36,1.07,1.03,2022-07-03,826,Terra,MODIS,57,6.1NRT,310.52,11.97,D
88,TUR,37.10729,35.78826,321.97,1.07,1.03,2022-07-03,826,Terra,MODIS,49,6.1NRT,311.34,11.51,D
89,TUR,36.72414,37.21533,335.54,1.22,1.1,2022-07-03,826,Terra,MODIS,67,6.1NRT,320.19,14.55,D
90,TUR,36.98899,35.19239,326.89,1.03,1.02,2022-07-03,826,Terra,MODIS,35,6.1NRT,314.39,11.67,D
91,TUR,36.98719,35.20383,326.25,1.04,1.02,2022-07-03,826,Terra,MODIS,53,6.1NRT,312.66,10.61,D
92,TUR,36.9818,35.11963,322.71,1.03,1.01,2022-07-03,826,Terra,MODIS,57,6.1NRT,311.15,8.12,D
93,TUR,36.90314,34.79491,325.79,1.02,1.01,2022-07-03,826,Terra,MODIS,73,6.1NRT,313.08,8.69,D
94,TUR,36.98852,40.3181,334.26,2.1,1.41,2022-07-03,1002,Aqua,MODIS,71,6.1NRT,321.08,29.44,D
95,TUR,37.073,40.20914,332.66,2.12,1.42,2022-07-03,1002,Aqua,MODIS,69,6.1NRT,321.27,24.61,D
96,TUR,38.26399,28.05802,348.61,1.46,1.19,2022-07-03,1140,Aqua,MODIS,93,6.1NRT,313.32,75.02,D
97,TUR,39.66159,28.13693,336.48,1.54,1.22,2022-07-03,1142,Aqua,MODIS,85,6.1NRT,308.3,43.7,D
98,TUR,41.08908,28.36746,327.98,1.65,1.26,2022-07-03,1142,Aqua,MODIS,78,6.1NRT,306.65,33.79,D
99,TUR,39.65596,28.10862,328.89,1.53,1.22,2022-07-03,1142,Aqua,MODIS,76,6.1NRT,307.74,23.59,D
100,TUR,39.66866,28.12466,324.71,1.53,1.22,2022-07-03,1142,Aqua,MODIS,69,6.1NRT,309.25,14.3,D
101,TUR,39.65992,28.11903,349.09,1.53,1.22,2022-07-03,1142,Aqua,MODIS,94,6.1NRT,310.51,85.26,D
102,TUR,39.6577,28.1262,361.22,1.53,1.22,2022-07-03,1142,Aqua,MODIS,100,6.1NRT,310.44,140.07,D
103,TUR,37.6173,39.14281,308.14,1.23,1.1,2022-07-03,1930,Terra,MODIS,74,6.1NRT,293.58,10.57,N
104,TUR,37.36456,36.95445,305.92,1.03,1.02,2022-07-03,1930,Terra,MODIS,66,6.1NRT,293.27,6.09,N
105,TUR,37.89118,40.48572,305.24,1.46,1.19,2022-07-03,1930,Terra,MODIS,63,6.1NRT,292.86,9.98,N
106,TUR,37.8164,39.29499,317.29,1.26,1.12,2022-07-03,1930,Terra,MODIS,95,6.1NRT,295.06,20.14,N
107,TUR,37.81316,41.56667,314.66,1.68,1.27,2022-07-03,1930,Terra,MODIS,90,6.1NRT,299.55,21.63,N
108,TUR,37.05358,40.4147,307.99,1.41,1.17,2022-07-03,1930,Terra,MODIS,71,6.1NRT,293.85,12.05,N
109,TUR,37.05197,40.39902,327.29,1.4,1.17,2022-07-03,1930,Terra,MODIS,100,6.1NRT,295.57,40.62,N
110,TUR,36.87038,37.54528,300.95,1.06,1.03,2022-07-03,1930,Terra,MODIS,31,6.1NRT,290.52,4.03,N
111,TUR,37.3275,39.46112,317.9,1.27,1.12,2022-07-03,1930,Terra,MODIS,96,6.1NRT,292.23,21.75,N
112,TUR,37.32594,39.44697,317.74,1.26,1.12,2022-07-03,1930,Terra,MODIS,96,6.1NRT,293.86,21.19,N
113,TUR,37.33749,39.45936,300.74,1.27,1.12,2022-07-03,1930,Terra,MODIS,28,6.1NRT,290.66,5.39,N
114,TUR,37.33592,39.44521,304.08,1.26,1.12,2022-07-03,1930,Terra,MODIS,58,6.1NRT,291.96,7.65,N
115,TUR,37.81483,41.58496,312.35,1.68,1.27,2022-07-03,1930,Terra,MODIS,85,6.1NRT,299.49,17.7,N
116,TUR,37.82367,40.3012,302.95,1.35,1.15,2022-07-03,2341,Aqua,MODIS,52,6.1NRT,292.88,8.59,N
117,TUR,37.0375,39.69993,337.23,2.23,1.45,2022-07-04,731,Terra,MODIS,79,6.1NRT,314.62,77.59,D
118,TUR,41.23957,27.92617,324.43,1.21,1.09,2022-07-04,909,Terra,MODIS,61,6.1NRT,306.15,13.79,D
119,TUR,41.28144,27.57547,319.1,1.17,1.08,2022-07-04,909,Terra,MODIS,54,6.1NRT,305.24,7.7,D
120,TUR,41.27905,27.58906,319.26,1.17,1.08,2022-07-04,909,Terra,MODIS,47,6.1NRT,305.25,7.87,D
121,TUR,41.25269,27.68185,318.23,1.18,1.08,2022-07-04,909,Terra,MODIS,51,6.1NRT,305.65,7.48,D
122,TUR,41.21194,27.74154,319.7,1.19,1.08,2022-07-04,909,Terra,MODIS,43,6.1NRT,305.2,8.5,D
123,TUR,41.21015,27.73533,317.26,1.19,1.08,2022-07-04,909,Terra,MODIS,59,6.1NRT,305.08,6.45,D
124,TUR,40.68489,29.40689,315.47,1.45,1.19,2022-07-04,909,Terra,MODIS,50,6.1NRT,303.31,12.04,D
125,TUR,40.88503,27.00503,318.81,1.13,1.06,2022-07-04,909,Terra,MODIS,66,6.1NRT,304.34,8.64,D
126,TUR,39.58452,27.84743,321.06,1.28,1.12,2022-07-04,909,Terra,MODIS,67,6.1NRT,307.79,7.5,D
127,TUR,38.67541,29.2067,323.39,1.56,1.23,2022-07-04,909,Terra,MODIS,62,6.1NRT,310.59,11.64,D
128,TUR,38.34895,27.23126,325.18,1.25,1.11,2022-07-04,909,Terra,MODIS,65,6.1NRT,313.22,13.59,D
129,TUR,37.24547,39.65113,341.84,1.1,1.05,2022-07-04,1045,Aqua,MODIS,82,6.1NRT,323.92,20.06,D
130,TUR,37.86549,34.45182,333.47,1.12,1.05,2022-07-04,1045,Aqua,MODIS,62,6.1NRT,316.32,13.8,D
131,TUR,38.2646,34.00885,325.9,1.15,1.07,2022-07-04,1045,Aqua,MODIS,31,6.1NRT,310.45,8.41,D
132,TUR,38.54813,35.16587,327.2,1.05,1.02,2022-07-04,1045,Aqua,MODIS,52,6.1NRT,312.57,10.46,D
133,TUR,38.3528,33.97768,327.31,1.15,1.07,2022-07-04,1045,Aqua,MODIS,48,6.1NRT,313.7,11.74,D
134,TUR,38.55901,35.17519,325.4,1.05,1.02,2022-07-04,1045,Aqua,MODIS,21,6.1NRT,312.32,7.59,D
135,TUR,38.6929,35.62038,328.02,1.02,1.01,2022-07-04,1045,Aqua,MODIS,44,6.1NRT,313.25,6.84,D
136,TUR,38.55281,34.62326,332.66,1.08,1.04,2022-07-04,1045,Aqua,MODIS,77,6.1NRT,312.53,19.59,D
137,TUR,39.80347,32.45576,323.69,1.26,1.12,2022-07-04,1045,Aqua,MODIS,36,6.1NRT,311.52,9.35,D
138,TUR,39.99095,32.74867,324.52,1.22,1.1,2022-07-04,1045,Aqua,MODIS,33,6.1NRT,310.42,10.22,D
139,TUR,39.98846,32.73463,327.0,1.22,1.1,2022-07-04,1045,Aqua,MODIS,60,6.1NRT,309.2,13.98,D
140,TUR,40.0812,33.01912,319.65,1.18,1.08,2022-07-04,1045,Aqua,MODIS,27,6.1NRT,307.58,7.74,D
141,TUR,40.4845,34.87104,320.31,1.03,1.01,2022-07-04,1045,Aqua,MODIS,53,6.1NRT,307.53,7.27,D
142,TUR,40.48262,34.85913,321.58,1.03,1.01,2022-07-04,1045,Aqua,MODIS,56,6.1NRT,305.9,9.0,D
143,TUR,37.24393,39.63881,336.18,1.1,1.05,2022-07-04,1045,Aqua,MODIS,53,6.1NRT,321.79,9.23,D
144,TUR,37.29943,39.49568,348.32,1.09,1.04,2022-07-04,1045,Aqua,MODIS,90,6.1NRT,326.13,30.38,D
145,TUR,36.96881,35.54421,334.71,1.06,1.03,2022-07-04,1045,Aqua,MODIS,71,6.1NRT,319.85,14.36,D
146,TUR,36.96696,35.53255,334.71,1.06,1.03,2022-07-04,1045,Aqua,MODIS,67,6.1NRT,320.3,14.82,D
147,TUR,36.98726,35.20322,333.0,1.08,1.04,2022-07-04,1045,Aqua,MODIS,73,6.1NRT,314.49,17.63,D
148,TUR,36.98533,35.19132,332.28,1.08,1.04,2022-07-04,1045,Aqua,MODIS,54,6.1NRT,314.29,17.27,D
149,TUR,37.66079,39.29904,338.5,1.08,1.04,2022-07-04,1045,Aqua,MODIS,77,6.1NRT,321.01,16.06,D
150,TUR,41.13095,32.64236,317.71,1.18,1.08,2022-07-04,1047,Aqua,MODIS,40,6.1NRT,307.65,8.5,D
151,TUR,41.1349,32.64984,327.3,1.18,1.08,2022-07-04,1047,Aqua,MODIS,66,6.1NRT,307.27,22.81,D
152,TUR,41.18929,32.61765,325.51,1.18,1.08,2022-07-04,1047,Aqua,MODIS,71,6.1NRT,311.85,16.14,D
153,TUR,41.68705,27.41892,316.35,2.12,1.42,2022-07-04,1047,Aqua,MODIS,53,6.1NRT,305.06,11.87,D
154,TUR,41.68162,27.39435,317.44,2.13,1.42,2022-07-04,1047,Aqua,MODIS,60,6.1NRT,305.24,14.61,D
155,TUR,41.67506,27.4166,318.53,2.12,1.42,2022-07-04,1047,Aqua,MODIS,69,6.1NRT,305.28,17.62,D
156,TUR,41.13325,32.65554,319.51,1.18,1.08,2022-07-04,1047,Aqua,MODIS,63,6.1NRT,307.1,10.3,D
157,TUR,37.72069,38.99139,305.91,3.02,1.65,2022-07-04,1834,Terra,MODIS,66,6.1NRT,294.84,32.27,N
158,TUR,37.1666,39.92537,306.49,2.74,1.58,2022-07-04,1834,Terra,MODIS,68,6.1NRT,295.65,23.58,N
159,TUR,37.15179,40.341,312.85,2.58,1.54,2022-07-04,1834,Terra,MODIS,86,6.1NRT,297.84,37.49,N
160,TUR,37.47507,39.42985,322.26,2.88,1.62,2022-07-04,1834,Terra,MODIS,100,6.1NRT,293.31,88.73,N
161,TUR,37.47665,39.42414,318.86,2.88,1.62,2022-07-04,1834,Terra,MODIS,98,6.1NRT,293.01,74.92,N
162,TUR,37.53197,39.33455,312.27,2.91,1.63,2022-07-04,1834,Terra,MODIS,84,6.1NRT,292.24,52.64,N
163,TUR,37.54055,39.35877,301.97,2.9,1.62,2022-07-04,1834,Terra,MODIS,46,6.1NRT,291.82,20.03,N
164,TUR,37.53308,39.32723,303.77,2.91,1.63,2022-07-04,1834,Terra,MODIS,57,6.1NRT,292.07,24.65,N
165,TUR,37.67446,39.26796,303.78,2.91,1.63,2022-07-04,1834,Terra,MODIS,57,6.1NRT,293.5,22.36,N
166,TUR,37.14614,40.0547,327.19,2.78,1.59,2022-07-04,2244,Aqua,MODIS,100,6.1NRT,297.2,105.02,N
167,TUR,37.25456,39.7833,333.04,2.9,1.62,2022-07-04,2244,Aqua,MODIS,100,6.1NRT,296.77,147.94,N
168,TUR,37.13182,40.05321,320.94,2.78,1.59,2022-07-04,2244,Aqua,MODIS,100,6.1NRT,296.77,75.44,N
169,TUR,37.12983,40.08412,307.34,2.76,1.59,2022-07-04,2244,Aqua,MODIS,56,6.1NRT,294.78,26.72,N
170,TUR,37.14445,40.04665,316.19,2.78,1.59,2022-07-04,2244,Aqua,MODIS,93,6.1NRT,296.47,55.25,N
171,TUR,37.14225,40.07746,315.89,2.76,1.59,2022-07-04,2244,Aqua,MODIS,92,6.1NRT,296.47,54.21,N
172,TUR,37.13013,40.04517,311.05,2.78,1.59,2022-07-04,2244,Aqua,MODIS,82,6.1NRT,296.2,39.04,N
173,TUR,37.12795,40.0761,313.35,2.76,1.59,2022-07-04,2244,Aqua,MODIS,87,6.1NRT,295.35,46.94,N
174,TUR,37.14413,40.08548,308.5,2.76,1.59,2022-07-04,2244,Aqua,MODIS,69,6.1NRT,295.97,29.57,N
175,TUR,37.25253,39.81567,320.63,2.88,1.62,2022-07-04,2244,Aqua,MODIS,100,6.1NRT,296.33,78.42,N
176,TUR,37.22639,39.51345,328.43,3.02,1.65,2022-07-04,2244,Aqua,MODIS,100,6.1NRT,292.46,134.42,N
177,TUR,37.22445,39.54717,318.2,3.0,1.65,2022-07-04,2244,Aqua,MODIS,96,6.1NRT,293.07,80.23,N
178,TUR,37.25199,39.77816,323.35,2.9,1.62,2022-07-04,2244,Aqua,MODIS,100,6.1NRT,296.29,92.69,N
179,TUR,37.24977,39.81043,324.52,2.88,1.62,2022-07-04,2244,Aqua,MODIS,100,6.1NRT,296.45,97.26,N
180,TUR,37.22535,39.50859,322.98,3.02,1.65,2022-07-04,2244,Aqua,MODIS,100,6.1NRT,292.1,103.73,N
181,TUR,37.2232,39.54232,322.65,3.0,1.65,2022-07-04,2244,Aqua,MODIS,100,6.1NRT,293.33,101.85,N
182,TUR,37.16047,40.05617,322.16,2.78,1.59,2022-07-04,2244,Aqua,MODIS,100,6.1NRT,296.37,79.88,N
183,TUR,38.62894,39.31468,333.56,1.06,1.03,2022-07-05,813,Terra,MODIS,38,6.1NRT,319.39,11.56,D
184,TUR,41.26181,31.43561,315.57,1.75,1.3,2022-07-05,813,Terra,MODIS,38,6.1NRT,302.62,17.38,D
185,TUR,38.62697,39.32678,334.23,1.06,1.03,2022-07-05,813,Terra,MODIS,53,6.1NRT,316.93,13.38,D
186,TUR,38.11464,40.05228,338.11,1.14,1.06,2022-07-05,813,Terra,MODIS,78,6.1NRT,319.33,20.54,D
187,TUR,38.11247,40.06496,336.22,1.14,1.06,2022-07-05,813,Terra,MODIS,70,6.1NRT,320.63,16.29,D
188,TUR,38.10308,40.06248,350.01,1.14,1.06,2022-07-05,813,Terra,MODIS,92,6.1NRT,319.4,46.53,D
189,TUR,38.07372,40.03488,331.37,1.14,1.06,2022-07-05,813,Terra,MODIS,45,6.1NRT,317.11,10.83,D
190,TUR,38.07156,40.04759,330.88,1.14,1.06,2022-07-05,813,Terra,MODIS,58,6.1NRT,316.45,10.1,D
191,TUR,38.01875,40.12656,334.89,1.15,1.07,2022-07-05,813,Terra,MODIS,70,6.1NRT,318.96,15.91,D
192,TUR,37.33047,39.48276,344.58,1.11,1.05,2022-07-05,813,Terra,MODIS,86,6.1NRT,320.87,32.45,D
193,TUR,37.32843,39.49501,348.33,1.11,1.05,2022-07-05,813,Terra,MODIS,90,6.1NRT,321.13,41.07,D
194,TUR,37.16893,40.42927,338.52,1.22,1.1,2022-07-05,813,Terra,MODIS,77,6.1NRT,321.19,18.5,D
195,TUR,37.16659,40.44265,334.31,1.22,1.1,2022-07-05,813,Terra,MODIS,53,6.1NRT,321.69,9.96,D
196,TUR,37.1613,40.35736,338.78,1.21,1.09,2022-07-05,813,Terra,MODIS,78,6.1NRT,322.91,16.84,D
197,TUR,37.1423,40.40805,355.07,1.21,1.1,2022-07-05,813,Terra,MODIS,96,6.1NRT,320.39,61.27,D
198,TUR,37.13995,40.42138,341.52,1.22,1.1,2022-07-05,813,Terra,MODIS,82,6.1NRT,320.05,25.16,D
199,TUR,37.10842,40.3709,338.14,1.21,1.09,2022-07-05,813,Terra,MODIS,60,6.1NRT,323.22,16.3,D
200,TUR,37.14669,38.73255,333.04,1.06,1.03,2022-07-05,816,Terra,MODIS,63,6.1NRT,317.18,9.74,D
201,TUR,36.86187,37.53783,347.29,1.01,1.0,2022-07-05,816,Terra,MODIS,90,6.1NRT,323.8,31.13,D
202,TUR,36.86018,37.54896,335.9,1.01,1.0,2022-07-05,816,Terra,MODIS,43,6.1NRT,321.56,12.85,D
203,TUR,36.85804,37.50241,356.22,1.01,1.0,2022-07-05,816,Terra,MODIS,97,6.1NRT,324.81,47.91,D
204,TUR,36.84914,37.50036,348.27,1.01,1.0,2022-07-05,816,Terra,MODIS,91,6.1NRT,323.01,28.29,D
205,TUR,36.83045,37.62278,348.09,1.01,1.01,2022-07-05,816,Terra,MODIS,91,6.1NRT,323.6,30.96,D
206,TUR,36.82874,37.63394,337.99,1.01,1.01,2022-07-05,816,Terra,MODIS,69,6.1NRT,322.3,12.58,D
207,TUR,37.26268,39.50613,334.44,3.64,1.79,2022-07-05,949,Aqua,MODIS,61,6.1NRT,319.42,68.47,D
208,TUR,37.28045,39.53796,332.81,3.62,1.78,2022-07-05,949,Aqua,MODIS,72,6.1NRT,318.65,65.19,D
209,TUR,37.27059,39.49909,333.19,3.64,1.79,2022-07-05,949,Aqua,MODIS,72,6.1NRT,319.26,63.1,D
210,TUR,37.9826,41.8758,333.61,2.5,1.52,2022-07-05,949,Aqua,MODIS,76,6.1NRT,317.02,38.51,D
211,TUR,37.71492,39.11186,337.84,3.73,1.81,2022-07-05,949,Aqua,MODIS,81,6.1NRT,317.72,121.24,D
212,TUR,37.70652,39.11137,331.15,3.73,1.81,2022-07-05,949,Aqua,MODIS,59,6.1NRT,317.55,53.09,D
213,TUR,37.72187,39.10459,332.47,3.73,1.81,2022-07-05,949,Aqua,MODIS,73,6.1NRT,317.78,66.07,D
214,TUR,38.58947,26.97279,326.49,1.01,1.01,2022-07-05,1130,Aqua,MODIS,46,6.1NRT,312.87,6.6,D
215,TUR,39.78198,26.39825,324.42,1.01,1.0,2022-07-05,1130,Aqua,MODIS,53,6.1NRT,309.63,6.61,D
216,TUR,40.44238,27.13862,323.54,1.04,1.02,2022-07-05,1130,Aqua,MODIS,58,6.1NRT,308.98,8.1,D
217,TUR,37.03565,40.37963,305.32,1.05,1.02,2022-07-05,1919,Terra,MODIS,54,6.1NRT,294.4,5.77,N
218,TUR,37.18892,40.28838,308.81,1.04,1.02,2022-07-05,1919,Terra,MODIS,71,6.1NRT,294.96,7.55,N
219,TUR,37.31342,39.69587,320.64,1.02,1.01,2022-07-05,1919,Terra,MODIS,100,6.1NRT,295.7,17.47,N
220,TUR,37.46628,39.46443,312.26,1.01,1.01,2022-07-05,1919,Terra,MODIS,83,6.1NRT,295.42,9.22,N
221,TUR,37.47521,39.46247,308.94,1.01,1.01,2022-07-05,1919,Terra,MODIS,73,6.1NRT,295.37,7.16,N
222,TUR,37.65786,40.43919,306.11,1.06,1.03,2022-07-05,1919,Terra,MODIS,63,6.1NRT,293.3,6.27,N
223,TUR,37.49589,39.20884,305.65,1.01,1.0,2022-07-05,1919,Terra,MODIS,60,6.1NRT,292.3,6.45,N
224,TUR,37.49435,39.19761,309.86,1.01,1.0,2022-07-05,1919,Terra,MODIS,76,6.1NRT,292.59,9.36,N
225,TUR,37.68452,39.44573,307.63,1.01,1.01,2022-07-05,1919,Terra,MODIS,69,6.1NRT,294.89,6.6,N
226,TUR,37.683,39.43438,306.76,1.01,1.01,2022-07-05,1919,Terra,MODIS,66,6.1NRT,295.96,5.95,N
227,TUR,37.79942,39.07098,312.33,1.0,1.0,2022-07-05,1919,Terra,MODIS,83,6.1NRT,298.17,9.31,N
228,TUR,37.54037,36.8711,313.93,1.05,1.03,2022-07-05,1919,Terra,MODIS,88,6.1NRT,297.01,10.98,N
229,TUR,38.13204,40.41035,308.43,1.07,1.03,2022-07-05,1919,Terra,MODIS,72,6.1NRT,294.73,7.21,N
230,TUR,37.22937,39.64192,309.75,1.01,1.01,2022-07-05,2329,Aqua,MODIS,78,6.1NRT,292.24,9.61,N
231,TUR,37.14798,40.04313,316.79,1.03,1.01,2022-07-05,2329,Aqua,MODIS,94,6.1NRT,297.17,12.85,N
232,TUR,37.14618,40.05449,309.63,1.03,1.01,2022-07-05,2329,Aqua,MODIS,33,6.1NRT,295.89,6.83,N
233,TUR,37.13902,40.04095,314.25,1.03,1.01,2022-07-05,2329,Aqua,MODIS,33,6.1NRT,297.2,9.94,N
234,TUR,37.13721,40.0523,328.26,1.03,1.01,2022-07-05,2329,Aqua,MODIS,100,6.1NRT,297.55,24.23,N
235,TUR,37.12825,40.05012,330.6,1.03,1.01,2022-07-05,2329,Aqua,MODIS,100,6.1NRT,298.49,27.7,N
236,TUR,37.2322,39.32364,313.38,1.0,1.0,2022-07-05,2329,Aqua,MODIS,87,6.1NRT,292.64,11.59,N
237,TUR,37.23051,39.33475,304.03,1.0,1.0,2022-07-05,2329,Aqua,MODIS,58,6.1NRT,292.28,5.07,N
238,TUR,37.1195,40.05297,313.91,1.03,1.01,2022-07-05,2329,Aqua,MODIS,88,6.1NRT,297.2,10.76,N
239,TUR,37.11771,40.06433,305.7,1.03,1.01,2022-07-05,2329,Aqua,MODIS,22,6.1NRT,295.16,4.61,N
240,TUR,37.34014,39.54336,331.15,3.62,1.78,2022-07-06,718,Terra,MODIS,69,6.1NRT,310.58,84.46,D
241,TUR,41.40742,32.13401,315.27,1.34,1.15,2022-07-06,856,Terra,MODIS,66,6.1NRT,304.44,10.1,D
242,TUR,41.2027,31.44979,314.29,1.26,1.12,2022-07-06,856,Terra,MODIS,67,6.1NRT,302.01,11.6,D
243,TUR,40.76714,32.22352,315.74,1.4,1.17,2022-07-06,856,Terra,MODIS,59,6.1NRT,304.09,11.54,D
244,TUR,41.33558,27.47505,319.69,1.0,1.0,2022-07-06,856,Terra,MODIS,61,6.1NRT,305.0,5.49,D
245,TUR,41.08646,28.15012,322.66,1.01,1.0,2022-07-06,856,Terra,MODIS,58,6.1NRT,304.8,9.85,D
246,TUR,40.85452,29.42332,325.37,1.07,1.03,2022-07-06,856,Terra,MODIS,58,6.1NRT,305.99,8.15,D
247,TUR,40.83345,29.4508,323.19,1.08,1.04,2022-07-06,856,Terra,MODIS,23,6.1NRT,306.93,9.91,D
248,TUR,40.80689,29.49564,321.97,1.08,1.04,2022-07-06,856,Terra,MODIS,32,6.1NRT,305.1,8.22,D
249,TUR,40.7144,30.04568,323.78,1.13,1.06,2022-07-06,856,Terra,MODIS,73,6.1NRT,306.13,12.82,D
250,TUR,40.27874,30.12642,320.46,1.15,1.07,2022-07-06,856,Terra,MODIS,60,6.1NRT,304.88,10.48,D
251,TUR,40.25407,29.07661,321.28,1.07,1.03,2022-07-06,856,Terra,MODIS,28,6.1NRT,306.52,9.08,D
252,TUR,40.21058,29.28399,319.84,1.08,1.04,2022-07-06,856,Terra,MODIS,45,6.1NRT,305.23,9.65,D
253,TUR,40.20854,29.29636,322.91,1.08,1.04,2022-07-06,856,Terra,MODIS,67,6.1NRT,305.06,13.94,D
254,TUR,40.09739,29.50066,329.58,1.1,1.05,2022-07-06,856,Terra,MODIS,60,6.1NRT,309.57,16.6,D
255,TUR,40.17682,28.92162,323.33,1.06,1.03,2022-07-06,856,Terra,MODIS,30,6.1NRT,304.81,12.25,D
256,TUR,40.09384,29.4275,318.67,1.09,1.04,2022-07-06,856,Terra,MODIS,53,6.1NRT,306.17,8.95,D
257,TUR,39.90038,30.07982,320.1,1.16,1.07,2022-07-06,856,Terra,MODIS,26,6.1NRT,306.52,11.85,D
258,TUR,39.87498,30.16951,322.11,1.17,1.08,2022-07-06,856,Terra,MODIS,69,6.1NRT,307.31,12.32,D
259,TUR,39.47715,30.02912,325.73,1.17,1.08,2022-07-06,856,Terra,MODIS,52,6.1NRT,308.58,11.03,D
260,TUR,39.52682,29.68607,324.14,1.13,1.06,2022-07-06,856,Terra,MODIS,71,6.1NRT,310.16,9.14,D
261,TUR,39.47002,30.01304,333.89,1.17,1.08,2022-07-06,856,Terra,MODIS,83,6.1NRT,310.88,23.25,D
262,TUR,39.5437,29.53077,325.27,1.12,1.05,2022-07-06,856,Terra,MODIS,74,6.1NRT,311.1,10.92,D
263,TUR,38.77375,30.6041,323.96,1.27,1.12,2022-07-06,856,Terra,MODIS,69,6.1NRT,306.82,12.78,D
264,TUR,38.67686,29.21671,331.87,1.12,1.05,2022-07-06,856,Terra,MODIS,73,6.1NRT,311.49,13.27,D
265,TUR,38.67474,29.22918,330.88,1.12,1.05,2022-07-06,856,Terra,MODIS,76,6.1NRT,312.96,12.99,D
266,TUR,38.67183,29.18916,327.22,1.12,1.05,2022-07-06,856,Terra,MODIS,42,6.1NRT,314.13,8.79,D
267,TUR,38.62197,29.47969,332.17,1.14,1.07,2022-07-06,856,Terra,MODIS,78,6.1NRT,312.89,17.64,D
268,TUR,38.71502,27.0061,334.97,1.0,1.0,2022-07-06,856,Terra,MODIS,82,6.1NRT,312.94,19.21,D
269,TUR,38.51077,28.32244,324.49,1.05,1.03,2022-07-06,856,Terra,MODIS,52,6.1NRT,310.55,7.13,D
270,TUR,38.23138,28.03609,325.34,1.04,1.02,2022-07-06,856,Terra,MODIS,47,6.1NRT,310.76,7.7,D
271,TUR,38.34855,27.22854,321.17,1.01,1.0,2022-07-06,856,Terra,MODIS,40,6.1NRT,308.13,7.41,D
272,TUR,37.80983,29.25187,328.51,1.15,1.07,2022-07-06,856,Terra,MODIS,33,6.1NRT,311.56,14.77,D
273,TUR,37.8004,29.24934,328.47,1.15,1.07,2022-07-06,856,Terra,MODIS,52,6.1NRT,311.09,15.51,D
274,TUR,37.80392,29.17074,321.99,1.14,1.06,2022-07-06,856,Terra,MODIS,43,6.1NRT,308.98,7.73,D
275,TUR,37.88966,28.31096,331.78,1.07,1.03,2022-07-06,856,Terra,MODIS,58,6.1NRT,313.53,16.18,D
276,TUR,36.98088,38.88573,336.69,1.05,1.02,2022-07-06,1032,Aqua,MODIS,68,6.1NRT,318.83,16.59,D
277,TUR,36.86321,37.55155,338.33,1.16,1.07,2022-07-06,1032,Aqua,MODIS,59,6.1NRT,323.08,15.28,D
278,TUR,36.86103,37.53883,344.81,1.16,1.07,2022-07-06,1032,Aqua,MODIS,87,6.1NRT,325.17,28.92,D
279,TUR,37.49051,39.42272,350.48,1.02,1.01,2022-07-06,1032,Aqua,MODIS,83,6.1NRT,321.43,39.75,D
280,TUR,37.48879,39.41143,352.99,1.02,1.01,2022-07-06,1032,Aqua,MODIS,94,6.1NRT,321.85,45.96,D
281,TUR,37.10646,36.6979,334.48,1.25,1.11,2022-07-06,1032,Aqua,MODIS,75,6.1NRT,316.03,19.04,D
282,TUR,37.7424,39.13597,339.43,1.02,1.01,2022-07-06,1032,Aqua,MODIS,79,6.1NRT,324.2,12.73,D
283,TUR,37.44865,37.17542,342.51,1.18,1.08,2022-07-06,1032,Aqua,MODIS,86,6.1NRT,320.19,29.73,D
284,TUR,37.44639,37.16235,336.57,1.18,1.08,2022-07-06,1032,Aqua,MODIS,61,6.1NRT,319.92,18.78,D
285,TUR,39.78913,37.09378,333.23,1.11,1.05,2022-07-06,1032,Aqua,MODIS,71,6.1NRT,313.78,15.9,D
286,TUR,41.26432,31.42798,315.07,1.96,1.37,2022-07-06,1034,Aqua,MODIS,0,6.1NRT,303.62,21.23,D
287,TUR,37.35116,39.57431,307.54,4.38,1.93,2022-07-06,1824,Terra,MODIS,39,6.1NRT,289.34,95.12,N
288,TUR,37.35328,39.56905,308.05,4.38,1.93,2022-07-06,1824,Terra,MODIS,30,6.1NRT,290.07,93.87,N
289,TUR,37.41555,39.3864,309.55,4.47,1.94,2022-07-06,1824,Terra,MODIS,14,6.1NRT,293.26,63.77,N
290,TUR,37.39981,39.38612,313.04,4.47,1.94,2022-07-06,1824,Terra,MODIS,45,6.1NRT,293.19,95.28,N
291,TUR,37.18126,40.22626,305.21,4.17,1.89,2022-07-06,2002,Terra,MODIS,63,6.1NRT,293.41,38.8,N
292,TUR,37.18478,40.21899,306.71,4.17,1.89,2022-07-06,2002,Terra,MODIS,69,6.1NRT,293.72,43.85,N
293,TUR,37.65033,39.27135,312.68,3.66,1.79,2022-07-06,2002,Terra,MODIS,85,6.1NRT,291.73,67.79,N
294,TUR,37.65801,39.26553,308.43,3.66,1.79,2022-07-06,2002,Terra,MODIS,74,6.1NRT,291.23,51.17,N
295,TUR,37.12981,40.06009,301.79,4.44,1.94,2022-07-06,2233,Aqua,MODIS,27,6.1NRT,290.66,33.75,N
296,TUR,37.13015,40.05178,303.7,4.44,1.94,2022-07-06,2233,Aqua,MODIS,56,6.1NRT,290.86,44.32,N
297,TUR,41.19171,32.62271,308.44,1.17,1.08,2022-07-07,9,Aqua,MODIS,75,6.1NRT,290.3,11.74,N
298,TUR,39.71195,43.00008,323.55,1.08,1.04,2022-07-07,803,Terra,MODIS,70,6.1NRT,306.46,10.63,D
299,TUR,37.59411,39.34464,334.93,1.01,1.01,2022-07-07,803,Terra,MODIS,52,6.1NRT,320.03,8.83,D
300,TUR,37.59253,39.35595,337.04,1.01,1.01,2022-07-07,803,Terra,MODIS,71,6.1NRT,321.41,11.68,D
301,TUR,37.67215,38.223,334.1,1.07,1.03,2022-07-07,803,Terra,MODIS,47,6.1NRT,319.63,9.63,D
302,TUR,37.53699,39.0924,339.73,1.02,1.01,2022-07-07,803,Terra,MODIS,60,6.1NRT,323.8,15.76,D
303,TUR,37.26714,40.70576,357.08,1.01,1.0,2022-07-07,803,Terra,MODIS,97,6.1NRT,323.54,50.35,D
304,TUR,37.22088,40.08472,338.14,1.0,1.0,2022-07-07,803,Terra,MODIS,77,6.1NRT,319.22,14.58,D
305,TUR,38.45199,27.47643,327.95,1.06,1.03,2022-07-07,1115,Aqua,MODIS,42,6.1NRT,312.52,8.51,D
306,TUR,39.59499,27.96458,324.24,1.02,1.01,2022-07-07,1115,Aqua,MODIS,56,6.1NRT,306.59,10.68,D
307,TUR,37.11588,40.37923,309.2,1.04,1.02,2022-07-07,1904,Terra,MODIS,71,6.1NRT,296.73,7.08,N
308,TUR,37.16464,39.51103,312.38,1.1,1.04,2022-07-07,1906,Terra,MODIS,66,6.1NRT,287.64,12.34,N
309,TUR,37.44326,37.15791,310.33,1.37,1.16,2022-07-07,1906,Terra,MODIS,80,6.1NRT,294.68,12.84,N
310,TUR,38.65335,39.7776,303.03,1.12,1.06,2022-07-07,2314,Aqua,MODIS,53,6.1NRT,290.44,7.54,N
311,TUR,41.408,32.13309,319.45,1.04,1.02,2022-07-08,843,Terra,MODIS,75,6.1NRT,300.75,11.31,D
312,TUR,41.25118,31.41882,314.47,1.01,1.01,2022-07-08,843,Terra,MODIS,0,6.1NRT,300.49,7.5,D
313,TUR,41.19927,31.45435,313.44,1.02,1.01,2022-07-08,843,Terra,MODIS,65,6.1NRT,300.38,6.59,D
314,TUR,40.83739,33.21919,330.23,1.13,1.06,2022-07-08,843,Terra,MODIS,83,6.1NRT,304.27,24.51,D
315,TUR,40.80298,32.93124,315.82,1.11,1.05,2022-07-08,843,Terra,MODIS,53,6.1NRT,301.68,7.52,D
316,TUR,40.76146,32.21865,318.37,1.06,1.03,2022-07-08,843,Terra,MODIS,60,6.1NRT,301.14,10.07,D
317,TUR,40.76117,31.64563,318.97,1.03,1.01,2022-07-08,843,Terra,MODIS,69,6.1NRT,302.96,8.68,D
318,TUR,40.7843,31.14126,316.74,1.01,1.0,2022-07-08,843,Terra,MODIS,71,6.1NRT,302.81,7.72,D
319,TUR,40.37273,33.52069,324.67,1.18,1.08,2022-07-08,843,Terra,MODIS,72,6.1NRT,306.72,9.93,D
320,TUR,40.11105,33.05452,320.05,1.14,1.06,2022-07-08,843,Terra,MODIS,33,6.1NRT,302.6,8.56,D
321,TUR,40.08482,32.97888,323.66,1.13,1.06,2022-07-08,843,Terra,MODIS,48,6.1NRT,305.76,9.9,D
322,TUR,39.98888,32.7368,327.26,1.12,1.05,2022-07-08,845,Terra,MODIS,26,6.1NRT,305.62,10.29,D
323,TUR,39.9797,32.56182,329.44,1.1,1.05,2022-07-08,845,Terra,MODIS,66,6.1NRT,307.94,13.08,D
324,TUR,39.95609,32.70097,323.98,1.11,1.05,2022-07-08,845,Terra,MODIS,48,6.1NRT,305.31,8.61,D
325,TUR,39.95864,32.53624,323.49,1.1,1.05,2022-07-08,845,Terra,MODIS,53,6.1NRT,306.58,8.48,D
326,TUR,38.30846,31.61129,324.74,1.07,1.03,2022-07-08,845,Terra,MODIS,50,6.1NRT,308.54,8.02,D
327,TUR,37.91315,32.53995,331.6,1.17,1.08,2022-07-08,845,Terra,MODIS,45,6.1NRT,309.96,14.01,D
328,TUR,37.85096,30.5297,325.28,1.02,1.01,2022-07-08,845,Terra,MODIS,58,6.1NRT,307.25,9.48,D
329,TUR,37.13191,40.42891,334.89,1.19,1.08,2022-07-08,1019,Aqua,MODIS,60,6.1NRT,319.96,11.21,D
330,TUR,37.29985,37.12876,327.81,1.76,1.3,2022-07-08,1019,Aqua,MODIS,44,6.1NRT,311.22,16.36,D
331,TUR,37.42065,37.1465,336.44,1.74,1.29,2022-07-08,1019,Aqua,MODIS,70,6.1NRT,314.7,36.1,D
332,TUR,37.41682,37.12737,339.55,1.75,1.3,2022-07-08,1019,Aqua,MODIS,85,6.1NRT,315.92,43.98,D
333,TUR,37.42369,39.42321,308.47,2.37,1.49,2022-07-08,1949,Terra,MODIS,74,6.1NRT,294.31,25.01,N
334,TUR,37.43257,39.41509,322.84,2.37,1.49,2022-07-08,1949,Terra,MODIS,100,6.1NRT,294.55,68.96,N
335,TUR,37.91774,32.51007,333.37,1.0,1.0,2022-07-09,1102,Aqua,MODIS,35,6.1NRT,316.06,9.16,D
336,TUR,37.8182,29.3517,325.96,1.2,1.09,2022-07-09,1102,Aqua,MODIS,54,6.1NRT,310.82,9.16,D
337,TUR,37.79931,29.24446,330.4,1.21,1.09,2022-07-09,1102,Aqua,MODIS,62,6.1NRT,311.62,16.62,D
338,TUR,37.80893,29.2417,328.95,1.21,1.09,2022-07-09,1102,Aqua,MODIS,41,6.1NRT,311.56,12.69,D
339,TUR,39.95956,32.52429,321.91,1.0,1.0,2022-07-09,1102,Aqua,MODIS,34,6.1NRT,305.91,8.04,D
340,TUR,40.09718,29.50537,326.68,1.1,1.05,2022-07-09,1104,Aqua,MODIS,50,6.1NRT,306.2,12.92,D
341,TUR,40.09506,29.49274,327.24,1.1,1.05,2022-07-09,1104,Aqua,MODIS,54,6.1NRT,307.32,13.94,D
342,TUR,40.1496,29.53048,320.02,1.1,1.04,2022-07-09,1104,Aqua,MODIS,56,6.1NRT,300.5,7.72,D
343,TUR,41.23713,36.46445,320.64,1.37,1.16,2022-07-09,1104,Aqua,MODIS,42,6.1NRT,303.78,11.56,D
344,TUR,40.22905,28.9534,327.25,1.15,1.07,2022-07-09,1104,Aqua,MODIS,44,6.1NRT,303.92,10.38,D
345,TUR,37.60397,39.62836,307.02,1.47,1.2,2022-07-09,1853,Terra,MODIS,59,6.1NRT,294.63,9.75,N
346,TUR,41.30076,36.24116,318.07,1.11,1.05,2022-07-10,833,Terra,MODIS,73,6.1NRT,298.44,9.47,D
347,TUR,40.84616,35.46791,322.4,1.07,1.03,2022-07-10,833,Terra,MODIS,71,6.1NRT,300.37,13.29,D
348,TUR,39.79282,37.08943,323.43,1.26,1.12,2022-07-10,833,Terra,MODIS,31,6.1NRT,307.67,8.86,D
349,TUR,39.10725,34.21822,324.62,1.03,1.01,2022-07-10,833,Terra,MODIS,38,6.1NRT,309.26,6.81,D
350,TUR,38.74253,35.32612,328.42,1.11,1.05,2022-07-10,833,Terra,MODIS,56,6.1NRT,307.39,12.91,D
351,TUR,38.69183,35.62783,324.81,1.14,1.06,2022-07-10,833,Terra,MODIS,56,6.1NRT,307.0,8.87,D
352,TUR,38.55876,34.63354,322.43,1.06,1.03,2022-07-10,833,Terra,MODIS,49,6.1NRT,306.03,7.1,D
353,TUR,38.55163,34.61915,321.74,1.06,1.03,2022-07-10,833,Terra,MODIS,35,6.1NRT,306.72,6.69,D
354,TUR,38.25994,34.00772,327.0,1.03,1.02,2022-07-10,833,Terra,MODIS,26,6.1NRT,307.61,7.09,D
355,TUR,37.60145,36.77115,323.04,1.33,1.14,2022-07-10,833,Terra,MODIS,0,6.1NRT,307.73,8.32,D
356,TUR,37.38886,37.17862,326.62,1.41,1.17,2022-07-10,833,Terra,MODIS,52,6.1NRT,310.62,14.69,D
357,TUR,37.38593,37.194,335.13,1.41,1.18,2022-07-10,833,Terra,MODIS,83,6.1NRT,309.93,34.01,D
358,TUR,37.38121,37.18605,372.41,1.41,1.18,2022-07-10,833,Terra,MODIS,100,6.1NRT,315.25,179.44,D
359,TUR,37.12558,40.50145,330.14,1.73,1.29,2022-07-10,1006,Aqua,MODIS,59,6.1NRT,317.7,16.59,D
360,TUR,37.44215,39.25326,330.45,2.02,1.39,2022-07-10,1006,Aqua,MODIS,44,6.1NRT,318.78,13.42,D
361,TUR,37.74661,38.97998,333.0,2.07,1.4,2022-07-10,1006,Aqua,MODIS,64,6.1NRT,316.0,40.02,D
362,TUR,36.81242,39.53157,306.21,1.52,1.22,2022-07-10,1936,Terra,MODIS,64,6.1NRT,295.13,10.46,N
363,TUR,37.12333,39.92918,315.21,1.62,1.25,2022-07-10,1936,Terra,MODIS,90,6.1NRT,297.02,23.73,N
364,TUR,37.62091,39.09394,315.3,1.47,1.2,2022-07-10,1936,Terra,MODIS,91,6.1NRT,296.4,20.86,N
365,TUR,37.62556,39.10445,309.97,1.47,1.2,2022-07-10,1936,Terra,MODIS,78,6.1NRT,296.38,14.08,N
366,TUR,37.62396,39.08779,309.06,1.47,1.2,2022-07-10,1936,Terra,MODIS,75,6.1NRT,295.99,12.63,N
367,TUR,37.43775,37.12163,311.37,1.17,1.08,2022-07-10,1936,Terra,MODIS,82,6.1NRT,294.09,11.72,N
368,TUR,37.47659,39.44222,329.95,1.87,1.34,2022-07-11,737,Terra,MODIS,64,6.1NRT,315.58,16.65,D
